,date,band1,band2,band3,band4,band5,band6,band7,measured_TP
0,2001-01-18,0.104112,0.11036800000000001,0.09963200000000001,0.112904,0.10631199999999999,0.09366000000000001,0.066504,0.43
1,2001-02-19,0.108084,0.12571600000000002,0.09713200000000001,0.113904,0.125636,0.1087,0.077808,0.583
2,2001-03-15,0.07672000000000001,0.10198,0.06118400000000001,0.08082,0.09844,0.084228,0.057272,0.493
3,2001-04-16,0.088325,0.140595,0.070885,0.09529,0.13052,0.10827500000000001,0.07505,0.35
4,2001-05-18,0.11881363636363639,0.17248636363636363,0.10747272727272728,0.12865454545454547,0.1609727272727273,0.1353590909090909,0.09411818181818182,0.323
5,2001-06-11,0.139968,0.194608,0.143612,0.154632,0.188304,0.16870000000000002,0.124584,0.223
6,2001-07-13,0.122876,0.21799200000000002,0.093604,0.12838800000000003,0.21457199999999998,0.18729200000000001,0.14012000000000002,0.328
7,2001-08-14,0.09139090909090909,0.15990454545454547,0.08996818181818182,0.1073590909090909,0.15124090909090912,0.11846818181818183,0.07226818181818181,0.175
8,2001-09-15,0.140824,0.174424,0.14176400000000003,0.151256,0.167704,0.13798,0.093692,0.182
9,2001-10-17,0.05353200000000001,0.102384,0.042944,0.060256,0.10254400000000001,0.079636,0.049996,0.288
10,2001-11-18,0.08808695652173913,0.11498695652173913,0.07234347826086956,0.09290000000000001,0.11016086956521741,0.09125652173913044,0.060134782608695654,0.278
11,2001-12-12,0.09598260869565219,0.12540869565217394,0.07718695652173913,0.10026086956521739,0.13073478260869564,0.11193478260869566,0.0799,0.306
12,2002-01-18,0.08449545454545455,0.09884545454545456,0.06535,0.08795,0.10333181818181818,0.09435454545454545,0.06338181818181819,0.361
13,2002-02-19,0.07075909090909091,0.11052272727272729,0.04428636363636364,0.07381363636363637,0.1173090909090909,0.10873636363636363,0.07635,0.604
14,2002-03-15,0.10293478260869565,0.1361913043478261,0.09121304347826088,0.1085695652173913,0.1306608695652174,0.1107695652173913,0.08055652173913044,0.383
15,2002-04-16,0.46625200000000006,0.492588,0.44968400000000003,0.46706800000000004,0.45892,0.35683600000000004,0.252224,0.333
16,2002-05-18,0.075588,0.131084,0.06492,0.087556,0.11959200000000002,0.090228,0.05640800000000001,0.268
17,2002-06-19,0.165144,0.221144,0.163532,0.177244,0.21653200000000003,0.188384,0.132436,0.426
18,2002-07-13,0.060512,0.163232,0.044216000000000005,0.078144,0.146896,0.11038800000000001,0.063636,0.381
19,2002-08-14,0.19595833333333335,0.23185,0.20702916666666665,0.21139166666666667,0.21040416666666667,0.17715,0.11998333333333333,0.273
20,2002-09-15,0.064988,0.137384,0.05061600000000001,0.07286000000000001,0.132976,0.099892,0.057804,0.295
21,2002-10-17,0.25398400000000004,0.280068,0.264924,0.26890000000000003,0.270152,0.207008,0.140572,0.268
22,2002-11-18,0.066428,0.10360799999999999,0.044916000000000005,0.07132000000000001,0.1058,0.099012,0.065184,0.234
23,2002-12-12,0.09564545454545455,0.11338181818181818,0.07995909090909091,0.09782272727272728,0.1152409090909091,0.0999,0.07000909090909091,0.149
24,2003-01-18,0.1018,0.107412,0.091704,0.105956,0.104712,0.090632,0.06413200000000001,0.114
25,2003-02-19,0.07104400000000001,0.080892,0.05230800000000001,0.070992,0.083168,0.07598400000000001,0.053712,0.271
26,2003-03-15,0.077468,0.099104,0.053891999999999995,0.076568,0.10292000000000001,0.09395200000000001,0.068432,0.562
27,2003-04-16,0.08482400000000001,0.136968,0.06494,0.089568,0.134848,0.111032,0.07794400000000001,0.147
28,2003-05-18,0.09064,0.156185,0.07089500000000001,0.09896,0.143675,0.12042000000000001,0.076615,0.219
29,2003-06-19,0.080236,0.15054,0.049896,0.081736,0.148624,0.12601199999999999,0.08574,0.237
30,2003-07-13,0.14989200000000003,0.207152,0.153764,0.164076,0.19479600000000002,0.16356,0.112536,0.249
31,2003-08-14,0.082128,0.168468,0.070924,0.091816,0.16046,0.12344400000000001,0.06798,0.251
32,2003-09-15,0.26002608695652174,0.30994782608695653,0.25676086956521743,0.26836521739130437,0.30210434782608697,0.26431304347826085,0.18780000000000002,0.251
33,2003-10-17,0.08506521739130435,0.12076521739130436,0.06051304347826088,0.08782608695652175,0.11959130434782608,0.0994217391304348,0.06837826086956522,0.28
34,2003-11-18,0.097932,0.11794000000000002,0.07992400000000001,0.09883600000000001,0.12131199999999999,0.10432000000000001,0.074912,0.37
35,2003-12-12,0.10444400000000001,0.11472000000000002,0.084772,0.10496,0.114348,0.100592,0.07150000000000001,0.306
36,2004-01-18,0.08124,0.094016,0.059660000000000005,0.08007600000000001,0.100952,0.090692,0.06748,0.352
37,2004-02-19,0.094476,0.10581199999999999,0.07688400000000001,0.09500800000000001,0.108512,0.09609600000000001,0.07252,0.214
38,2004-03-14,0.11736800000000001,0.124432,0.101248,0.1182,0.11757200000000001,0.1047,0.079544,0.297
39,2004-04-15,0.08376666666666667,0.1362625,0.06017083333333334,0.08863750000000001,0.12773333333333334,0.10320416666666668,0.06757083333333334,0.305
40,2004-05-17,0.09554,0.166168,0.069984,0.09996000000000001,0.164,0.12929200000000002,0.08816,0.422
41,2004-06-18,0.16022,0.206936,0.173992,0.177432,0.193172,0.135804,0.07809600000000001,0.212
42,2004-07-12,0.074744,0.166692,0.06040800000000001,0.090508,0.15519200000000002,0.117612,0.06794800000000001,0.24
43,2004-08-13,0.15216400000000002,0.221412,0.13542,0.161584,0.20568000000000003,0.1681,0.11040799999999999,0.29
44,2004-09-14,0.09098400000000001,0.162984,0.06632400000000001,0.09939600000000001,0.15124400000000002,0.117732,0.06922400000000001,0.217
45,2004-10-16,0.092035,0.125505,0.078215,0.10048,0.1194,0.09678500000000001,0.06343,0.284
46,2004-11-17,0.07124400000000002,0.11006400000000001,0.049716,0.07342800000000001,0.111856,0.09112,0.058572000000000006,0.215
47,2004-12-11,0.141048,0.147628,0.14738,0.15060400000000002,0.1376,0.11178800000000001,0.072988,0.282
48,2005-01-18,0.09678,0.09992000000000001,0.088416,0.10068,0.098572,0.08476,0.060764,0.293
49,2005-02-19,0.07304400000000001,0.09212000000000001,0.055816,0.07568,0.101264,0.09186000000000001,0.062248000000000005,0.273
50,2005-03-15,0.09290454545454545,0.11830454545454545,0.06471363636363636,0.09195909090909092,0.12566363636363637,0.11201363636363638,0.08448181818181819,0.358
51,2005-04-16,0.09367083333333334,0.13523333333333334,0.07709583333333334,0.09978333333333333,0.1320666666666667,0.10628750000000001,0.07145,0.256
52,2005-05-18,0.085288,0.16499200000000003,0.06356,0.0937,0.15648800000000002,0.125976,0.07714,0.173
53,2005-06-19,0.0737,0.16809200000000002,0.04798,0.083428,0.157008,0.12424000000000002,0.075564,0.248
54,2005-07-13,0.0515125,0.183375,0.0251625,0.06512916666666667,0.16819166666666668,0.11860416666666668,0.05890833333333334,0.07
55,2005-08-14,0.07073600000000001,0.181568,0.051464,0.086492,0.1603,0.115652,0.063472,0.096
56,2005-09-15,0.073132,0.153584,0.053984000000000004,0.083924,0.13852,0.104104,0.05628,0.06
57,2005-10-17,0.1021875,0.157025,0.09140416666666666,0.11000416666666668,0.1506,0.121225,0.07838333333333335,0.058
58,2005-11-18,0.09998800000000001,0.12019600000000001,0.080724,0.10515200000000001,0.113972,0.09534400000000001,0.062624,0.082
59,2005-12-12,0.09393750000000001,0.11727916666666668,0.07276666666666666,0.09593750000000001,0.12249583333333333,0.10075416666666667,0.06952916666666667,0.106
60,2006-01-18,0.09778400000000001,0.111752,0.0847,0.101628,0.11382,0.09564800000000001,0.064624,0.241
61,2006-02-19,0.08934500000000001,0.09559500000000001,0.081305,0.09571500000000001,0.095415,0.08031,0.05504,0.177
62,2006-03-15,0.108208,0.12004400000000001,0.09187200000000001,0.111808,0.11828800000000002,0.098584,0.069972,0.273
63,2006-04-16,0.10886842105263159,0.1580736842105263,0.07702631578947369,0.11151578947368421,0.14704736842105262,0.11981052631578949,0.08542105263157895,0.269
64,2006-05-18,0.09545000000000001,0.1731375,0.07480416666666667,0.10602500000000001,0.1642625,0.1283166666666667,0.08330833333333335,0.266
65,2006-06-19,0.08120000000000001,0.16654583333333334,0.056575,0.08747916666666666,0.16475,0.1345875,0.08225,0.319
66,2006-07-13,0.232268,0.29615600000000003,0.229916,0.242904,0.28246,0.23154000000000002,0.157184,0.238
67,2006-08-14,0.079032,0.19224400000000003,0.084748,0.10090800000000001,0.180672,0.136392,0.069576,0.294
68,2006-09-15,0.079712,0.149932,0.06084,0.08964,0.143192,0.10799200000000002,0.065228,0.332
69,2006-10-17,0.09571500000000001,0.15454500000000002,0.07677,0.10084,0.15779500000000002,0.127065,0.08460000000000001,0.253
70,2006-11-18,0.3399565217391305,0.34592173913043484,0.3555521739130435,0.3549478260869565,0.3179782608695652,0.19256521739130436,0.1092304347826087,0.287
71,2006-12-12,0.086536,0.10392000000000001,0.059012,0.086828,0.107628,0.088728,0.060936000000000004,0.222
72,2001-01-18,0.4399958333333333,0.43459583333333335,0.4345916666666667,0.4437916666666667,0.41690416666666674,0.4172458333333333,0.3400125,0.052
73,2001-02-19,0.114248,0.091836,0.12011600000000001,0.129404,0.078268,0.063748,0.040336000000000004,0.059
74,2001-03-15,0.09016400000000001,0.067512,0.099332,0.106736,0.052172,0.048468000000000004,0.032604,0.057
75,2001-04-16,0.073804,0.0591,0.07401200000000001,0.089908,0.041872000000000006,0.035876,0.020476,0.143
76,2001-05-18,0.14350000000000002,0.130724,0.144752,0.16826,0.095488,0.076364,0.050092000000000005,0.086
77,2001-06-11,0.1390888888888889,0.1421777777777778,0.13123333333333334,0.14673333333333333,0.1533888888888889,0.16568333333333332,0.15477222222222223,0.131
78,2001-07-13,0.157196,0.191036,0.122448,0.17509200000000003,0.18239200000000003,0.188124,0.16803200000000001,0.182
79,2001-08-14,0.05617200000000001,0.105772,0.049664,0.09910800000000002,0.063652,0.038560000000000004,0.013108000000000002,0.139
80,2001-09-15,0.10724736842105263,0.08829473684210526,0.10586315789473684,0.1221263157894737,0.0784842105263158,0.06681052631578947,0.04732105263157895,0.176
81,2001-10-17,0.050404000000000004,0.027832,0.043396,0.06246000000000001,0.019028,0.014572,0.006056000000000001,0.102
82,2001-11-18,0.09461428571428572,0.07135714285714286,0.10417142857142858,0.10842857142857143,0.049580952380952385,0.034904761904761904,0.017571428571428575,0.103
83,2001-12-12,0.082724,0.06014800000000001,0.085756,0.09460800000000001,0.04952,0.040088,0.025172,0.201
84,2002-01-18,0.023733333333333335,0.010855555555555556,0.014166666666666666,0.03287777777777778,0.011877777777777777,0.03073333333333333,0.017955555555555554,0.108
85,2002-02-19,0.10304705882352942,0.08001764705882353,0.11579411764705884,0.11962941176470589,0.05912352941176471,0.046982352941176475,0.02914117647058824,0.103
86,2002-03-15,0.081568,0.07694400000000001,0.076228,0.088148,0.064596,0.054964,0.038816,0.146
87,2002-04-16,0.178452,0.153924,0.199108,0.197252,0.13433599999999998,0.12376800000000002,0.08168,0.135
88,2002-05-18,0.12137200000000001,0.108832,0.133384,0.13759600000000002,0.090764,0.081252,0.064184,0.128
89,2002-06-19,0.19786,0.20972800000000003,0.188556,0.21342,0.20389200000000002,0.192304,0.145132,0.2
90,2002-07-13,0.06563,0.146305,0.048620000000000003,0.11436,0.075605,0.039975000000000004,0.011765000000000001,0.097
91,2002-08-14,0.14425000000000002,0.11967916666666668,0.16565416666666669,0.168725,0.08990833333333334,0.07426666666666666,0.04449583333333333,0.186
92,2002-09-15,0.06814583333333334,0.04925,0.0614875,0.08044583333333334,0.03448333333333333,0.0265875,0.0134125,0.197
93,2002-10-17,0.2555391304347826,0.25221304347826085,0.2578565217391305,0.27037391304347824,0.24020000000000002,0.21438260869565215,0.16577826086956524,0.385
94,2002-11-18,0.07076,0.03874,0.06831000000000001,0.08537000000000002,0.022865000000000003,0.017005000000000003,0.00986,0.125
95,2002-12-12,0.09566000000000001,0.07250000000000001,0.09877200000000001,0.10674800000000001,0.059348000000000005,0.047108000000000004,0.030692000000000004,0.118
96,2003-01-18,0.09480000000000001,0.06315217391304348,0.10590000000000001,0.11102608695652176,0.041843478260869565,0.031056521739130438,0.016026086956521742,0.067
97,2003-02-19,0.050550000000000005,0.026580000000000003,0.049295,0.05824,0.02111,0.018165,0.01084,0.107
98,2003-03-15,0.05715,0.03461,0.056005,0.06283,0.025015000000000003,0.020630000000000003,0.010645,0.087
99,2003-04-16,0.09278,0.06448,0.076352,0.10094800000000001,0.048648000000000004,0.040412000000000003,0.029116000000000003,0.073
100,2003-05-18,0.09272727272727273,0.06916818181818182,0.10337727272727273,0.1106590909090909,0.04455909090909091,0.03273636363636364,0.01624545454545455,0.08
101,2003-06-19,0.090855,0.07152000000000001,0.093355,0.10442000000000001,0.051570000000000005,0.0439,0.03077,0.185
102,2003-07-13,0.15702000000000002,0.159276,0.16656400000000002,0.174628,0.15822,0.15590400000000001,0.12701199999999999,0.159
103,2003-08-14,0.08450833333333334,0.053875,0.09200416666666666,0.10037083333333334,0.038375,0.031245833333333334,0.016479166666666666,0.212
104,2003-09-15,0.21452608695652176,0.2345478260869565,0.21870434782608697,0.2294608695652174,0.22740000000000002,0.21168695652173916,0.17049565217391305,0.154
105,2003-10-17,0.07738,0.04442,0.06954400000000001,0.089964,0.02748,0.022412,0.012048000000000001,0.118
106,2003-11-18,0.081276,0.037704,0.061516,0.08676,0.021068000000000003,0.017516,0.007740000000000001,0.123
107,2003-12-12,0.08424,0.047588,0.079736,0.09323200000000001,0.033228,0.025504,0.013672,0.118
108,2004-01-18,0.05494500000000001,0.024885,0.055975000000000004,0.06253500000000001,0.01626,0.013625,0.007725,0.142
109,2004-02-19,0.084496,0.050676,0.08524400000000001,0.09274400000000001,0.034576,0.028068000000000003,0.017172,0.102
110,2004-03-14,0.12952000000000002,0.090364,0.12660000000000002,0.13739600000000002,0.064024,0.054548000000000006,0.037824,0.142
111,2004-04-15,0.10263181818181819,0.08905909090909092,0.08862272727272728,0.10735,0.07940454545454545,0.07122272727272728,0.055154545454545456,0.056
112,2004-05-17,0.09030800000000001,0.0505,0.061124000000000005,0.09284400000000001,0.027844,0.020876,0.011684000000000002,0.106
113,2004-06-18,0.12684800000000002,0.11242,0.144556,0.14559200000000003,0.084264,0.055724,0.029108,0.144
114,2004-07-12,0.06756315789473685,0.041626315789473685,0.05092105263157895,0.08217894736842106,0.018642105263157897,0.014242105263157896,0.008115789473684212,0.167
115,2004-08-13,0.11335238095238097,0.09842857142857143,0.11093809523809524,0.13150952380952383,0.06656190476190477,0.05588571428571429,0.03899047619047619,0.463
116,2004-09-14,0.082456,0.159536,0.046060000000000004,0.11124800000000001,0.097168,0.056828,0.023940000000000003,0.156
117,2004-10-16,0.11544000000000001,0.083776,0.102624,0.1267,0.064328,0.059828,0.0463,0.122
118,2004-11-17,0.079485,0.032375,0.06709,0.08877000000000002,0.016555,0.011635,0.0063750000000000005,0.104
119,2004-12-11,0.14806,0.10117200000000001,0.156124,0.16137600000000002,0.06964000000000001,0.0543,0.031376,0.077
120,2005-01-18,0.09524285714285714,0.05167142857142857,0.09119523809523811,0.10891428571428571,0.03310476190476191,0.024076190476190477,0.013828571428571428,0.097
121,2005-02-19,0.06867619047619049,0.02746666666666667,0.05820952380952381,0.0763047619047619,0.017861904761904763,0.015952380952380954,0.007766666666666667,0.139
122,2005-03-15,0.12474400000000001,0.086904,0.117228,0.13514,0.070124,0.06268,0.043632000000000004,0.105
123,2005-04-16,0.11307500000000001,0.08400833333333334,0.11302916666666668,0.12747083333333334,0.05849583333333334,0.0428375,0.025670833333333334,0.156
124,2005-05-18,0.14930000000000002,0.133116,0.148308,0.165172,0.101628,0.094968,0.07114,0.165
125,2005-06-19,0.11879600000000001,0.09735200000000001,0.110724,0.13304000000000002,0.0674,0.062488,0.048056,0.147
126,2005-07-13,0.1082952380952381,0.1004904761904762,0.10954285714285714,0.1297047619047619,0.07034285714285715,0.05164285714285715,0.030338095238095244,0.216
127,2005-08-14,0.10055599999999999,0.06776,0.06463200000000001,0.1029,0.014732,0.01278,0.0054,0.165
128,2005-09-15,0.11448,0.08238,0.11437000000000001,0.13255,0.0408,0.02582,0.011635,0.174
129,2005-10-17,0.08998,0.08135200000000001,0.08704,0.116932,0.045708,0.026684,0.010248,0.098
130,2005-11-18,0.11656400000000001,0.077152,0.11889600000000002,0.130868,0.05534,0.046860000000000006,0.033244,0.129
131,2005-12-12,0.09552400000000001,0.05767200000000001,0.08933200000000001,0.10519600000000001,0.039384,0.032104,0.019776,0.104
132,2006-01-18,0.099564,0.05638,0.092504,0.10916400000000001,0.040568,0.032532,0.020008,0.136
133,2006-02-19,0.090768,0.040364,0.084352,0.102288,0.024536000000000002,0.017863999999999998,0.00826,0.131
134,2006-03-15,0.128525,0.0863,0.11463333333333334,0.1321,0.05684583333333334,0.046233333333333335,0.03302916666666667,0.125
135,2006-04-16,0.134604,0.113904,0.10687200000000001,0.136584,0.090588,0.081452,0.065808,0.134
136,2006-05-18,0.11322000000000002,0.092712,0.086428,0.12254400000000001,0.07834,0.080916,0.067056,0.186
137,2006-06-19,0.139464,0.12114400000000002,0.11902000000000001,0.149568,0.107824,0.114036,0.095856,0.187
138,2006-07-13,0.18875,0.20170000000000002,0.1861636363636364,0.2053590909090909,0.1816727272727273,0.1527318181818182,0.10887727272727273,0.36
139,2006-08-14,0.06545454545454546,0.20346818181818183,0.0683818181818182,0.10885,0.14173181818181818,0.07290909090909091,0.017277272727272728,0.471
140,2006-09-15,0.091224,0.06242400000000001,0.090304,0.10714400000000002,0.040844,0.028980000000000002,0.012768000000000002,0.172
141,2006-10-17,0.080068,0.053360000000000005,0.078516,0.09964400000000001,0.035216000000000004,0.027204000000000002,0.012148,0.141
142,2006-11-18,0.336052,0.327152,0.34994400000000003,0.351568,0.298716,0.17874800000000002,0.100968,0.142
143,2006-12-12,0.07274,0.030448000000000003,0.050804,0.07692,0.019568000000000002,0.019088,0.010716,0.108
144,2001-01-18,0.362665,0.35208000000000006,0.363275,0.37482,0.343805,0.349235,0.29133000000000003,0.056
145,2001-02-19,0.11171500000000001,0.07738,0.11535000000000001,0.129445,0.06527000000000001,0.050855000000000004,0.030975000000000003,0.047
146,2001-03-15,0.09733684210526317,0.061052631578947365,0.10339473684210528,0.11947894736842107,0.04693684210526316,0.041794736842105266,0.028710526315789475,0.058
147,2001-04-16,0.111296,0.081348,0.106824,0.131076,0.063044,0.051267999999999994,0.034432000000000004,0.062
148,2001-05-18,0.14962608695652177,0.1318391304347826,0.14993478260869567,0.17406521739130434,0.09472173913043479,0.07352608695652174,0.04944782608695652,0.075
149,2001-06-11,0.16399200000000003,0.141732,0.15707200000000002,0.183632,0.1378,0.141808,0.12642,0.079
150,2001-07-13,0.159948,0.163852,0.12757200000000002,0.171336,0.173256,0.183708,0.169028,0.102
151,2001-08-14,0.07025714285714287,0.11698571428571429,0.061014285714285715,0.12384285714285714,0.06211428571428571,0.03512380952380952,0.012780952380952382,0.119
152,2001-09-15,0.098164,0.053208000000000005,0.09173600000000001,0.115828,0.038644000000000005,0.032060000000000005,0.021688,0.12
153,2001-10-17,0.0723263157894737,0.02807368421052632,0.05687894736842106,0.08986315789473685,0.013231578947368422,0.00836842105263158,0.003368421052631579,0.103
154,2001-11-18,0.107896,0.06936,0.112356,0.127116,0.04501600000000001,0.029960000000000004,0.014548,0.099
155,2001-12-12,0.1122695652173913,0.06432173913043479,0.10791739130434783,0.12668260869565218,0.042582608695652176,0.03359565217391305,0.0205,0.073
156,2002-01-18,0.06770000000000001,0.031773333333333334,0.07537333333333333,0.08507333333333333,0.0218,0.016213333333333333,0.009053333333333333,0.063
157,2002-02-19,0.025528571428571428,0.009842857142857143,0.00937142857142857,0.04022857142857143,0.013285714285714286,0.02065714285714286,0.015242857142857143,0.032
158,2002-03-15,0.099348,0.076056,0.090712,0.110108,0.061448,0.050236,0.03626,0.039
159,2002-04-16,0.1957,0.15659545454545457,0.20601363636363637,0.21294545454545455,0.13695909090909092,0.12117727272727273,0.08627727272727273,0.085
160,2002-05-18,0.125756,0.09691200000000001,0.13066,0.149172,0.06688400000000001,0.048736,0.030572000000000005,0.088
161,2002-06-19,0.34014782608695654,0.3626782608695652,0.3469826086956522,0.36190869565217393,0.32356521739130434,0.22013478260869565,0.13541739130434782,0.141
162,2002-07-13,0.085416,0.106076,0.078656,0.12474400000000001,0.06072400000000001,0.038724,0.019176,0.081
163,2002-08-14,0.11204000000000001,0.15410000000000001,0.11808800000000001,0.15974400000000002,0.088244,0.047792,0.016516,0.104
164,2002-09-15,0.088325,0.05368,0.082155,0.10565000000000001,0.035395,0.026830000000000003,0.01346,0.128
165,2002-10-17,0.276088,0.270248,0.280488,0.29282800000000003,0.26378,0.24668800000000002,0.204704,2.133
166,2002-11-18,0.07894,0.039036,0.069372,0.093164,0.017891999999999998,0.011980000000000001,0.006852,0.11
167,2002-12-12,0.13140416666666668,0.0983625,0.1332125,0.1478625,0.07848333333333334,0.06140833333333334,0.0407625,0.054
168,2003-01-18,0.12574583333333333,0.08983333333333335,0.13872500000000001,0.1426916666666667,0.058550000000000005,0.042520833333333334,0.0262375,0.053
169,2003-02-19,0.05054,0.024012000000000002,0.051415999999999996,0.06418800000000001,0.01924,0.016368,0.010112000000000001,0.039
170,2003-03-15,0.061816,0.032924,0.06338400000000001,0.072792,0.021252000000000004,0.016256,0.008476000000000001,0.095
171,2003-04-16,0.10477222222222222,0.06558888888888889,0.0959,0.11514444444444444,0.04912222222222223,0.040127777777777776,0.027594444444444446,0.077
172,2003-05-18,0.16574000000000003,0.145125,0.163085,0.183675,0.13453,0.13247,0.10919500000000001,0.066
173,2003-06-19,0.105976,0.068812,0.10408,0.12221600000000002,0.047784,0.040512,0.030148000000000005,0.137
174,2003-07-13,0.122104,0.11011600000000002,0.132036,0.139808,0.094292,0.067092,0.03954,0.116
175,2003-08-14,0.08205,0.08928333333333334,0.08183333333333334,0.12685416666666668,0.049225000000000005,0.029237500000000003,0.009841666666666667,0.172
176,2003-09-15,0.270608,0.28256,0.27278,0.284436,0.271272,0.243908,0.187332,0.131
177,2003-10-17,0.07813200000000001,0.056468,0.07202000000000001,0.091728,0.040632,0.037168,0.026268000000000003,0.119
178,2003-11-18,0.09279,0.03875,0.06402000000000001,0.09929,0.014925,0.010990000000000002,0.004975,0.077
179,2003-12-12,0.10532727272727273,0.06357272727272728,0.10137727272727273,0.11751818181818183,0.04395454545454546,0.032368181818181824,0.01925,0.07
180,2004-01-18,0.083704,0.043944000000000004,0.075628,0.09032000000000001,0.026016000000000004,0.021656,0.014788,0.088
181,2004-02-19,0.088155,0.04873,0.08415,0.098175,0.033525,0.026475000000000002,0.01507,0.111
182,2004-03-14,0.12083,0.07168,0.118685,0.133155,0.043005,0.03207,0.02032,0.12
183,2004-04-15,0.13470416666666668,0.09850416666666667,0.10970416666666669,0.1402625,0.09035833333333335,0.0847,0.07042083333333334,0.059
184,2004-05-17,0.10478,0.049288,0.071728,0.108244,0.02042,0.014048,0.00788,0.083
185,2004-06-18,0.14359200000000003,0.12518,0.163,0.16681600000000002,0.094644,0.061040000000000004,0.031636000000000004,0.113
186,2004-07-12,0.080796,0.035036000000000005,0.060748,0.09653600000000001,0.012356,0.010796,0.0056,0.108
187,2004-08-13,0.117728,0.08823600000000001,0.110152,0.13379200000000002,0.05088,0.043884,0.032308,0.335
188,2004-09-14,0.09597000000000001,0.13346500000000003,0.07992500000000001,0.131305,0.07727500000000001,0.04377,0.01757,0.155
189,2004-10-16,0.141648,0.102456,0.130608,0.153988,0.08434400000000002,0.07774800000000001,0.065288,0.085
190,2004-11-17,0.09129545454545455,0.0326909090909091,0.07081363636363637,0.10167272727272728,0.011604545454545456,0.007190909090909091,0.003568181818181818,0.074
191,2004-12-11,0.1579684210526316,0.10443157894736842,0.16804736842105264,0.17477894736842106,0.07045263157894736,0.05262631578947369,0.03192105263157895,0.069
192,2005-01-18,0.188608,0.136252,0.175208,0.199112,0.110912,0.063388,0.037712,0.066
193,2005-02-19,0.083332,0.035188000000000004,0.062624,0.08633600000000001,0.0172,0.014232,0.007064,0.159
194,2005-03-15,0.128972,0.073796,0.11302000000000001,0.13879200000000003,0.051576000000000004,0.046388,0.03292,0.123
195,2005-04-16,0.12637600000000002,0.09283200000000001,0.12816,0.14416800000000002,0.06380000000000001,0.047372000000000004,0.030372000000000003,0.09
196,2005-05-18,0.198748,0.195512,0.186396,0.20930400000000002,0.183408,0.19506,0.172848,0.146
197,2005-06-19,0.127645,0.09524500000000001,0.11913,0.14493,0.06348,0.061195000000000006,0.05033000000000001,0.105
198,2005-07-13,0.11684166666666668,0.08890416666666667,0.11758750000000001,0.14092083333333333,0.051062500000000004,0.036645833333333336,0.0211875,0.149
199,2005-08-14,0.10680869565217394,0.06896956521739131,0.0713217391304348,0.11065217391304348,0.013595652173913045,0.008373913043478261,0.005656521739130435,0.135
200,2005-09-15,0.12582857142857143,0.07713333333333335,0.12808095238095238,0.1432857142857143,0.035633333333333336,0.02161904761904762,0.010647619047619048,0.193
201,2005-10-17,0.1053,0.086556,0.104784,0.136072,0.045764,0.024752000000000003,0.008064,0.113
202,2005-11-18,0.133532,0.10027200000000001,0.134616,0.148264,0.084868,0.084612,0.070316,0.085
203,2005-12-12,0.10606800000000001,0.05844800000000001,0.08410000000000001,0.114472,0.030568,0.02348,0.012784,0.134
204,2006-01-18,0.123576,0.060048000000000004,0.105008,0.13454400000000002,0.034612000000000004,0.027084,0.016032,0.105
205,2006-02-19,0.09269600000000001,0.03712,0.08429600000000001,0.104532,0.019992,0.013663999999999999,0.007092,0.173
206,2006-03-15,0.138888,0.092,0.127644,0.1434,0.049932000000000004,0.03876,0.027527999999999997,0.132
207,2006-04-16,0.154284,0.118936,0.126356,0.15557200000000002,0.09493200000000002,0.08682000000000001,0.07200000000000001,0.142
208,2006-05-18,0.14501904761904763,0.1336952380952381,0.11512857142857143,0.16035714285714286,0.11555238095238096,0.1102809523809524,0.09542857142857143,0.146
209,2006-06-19,0.17847200000000002,0.16278,0.17016,0.192644,0.14111600000000002,0.12936,0.10051600000000001,0.131
210,2006-07-13,0.17684583333333334,0.17095416666666668,0.168125,0.19403333333333334,0.14363333333333334,0.12465000000000001,0.09235416666666667,0.324
211,2006-08-14,0.11379583333333333,0.09727916666666667,0.1061125,0.13702916666666667,0.05522083333333334,0.04544583333333333,0.02996666666666667,0.22
212,2006-09-15,0.089464,0.09116400000000001,0.08085200000000001,0.1163,0.043952,0.025416,0.008168000000000002,0.294
213,2006-10-17,0.095236,0.05766,0.081404,0.11168800000000001,0.024184,0.016052,0.006344,0.221
214,2006-11-18,0.342496,0.340464,0.357352,0.36177600000000004,0.305352,0.18069600000000002,0.10164400000000001,0.141
215,2006-12-12,0.08566,0.0395,0.046630000000000005,0.08336500000000001,0.015540000000000002,0.013135,0.008295,0.093
216,2001-01-18,0.10414400000000001,0.06288,0.11061600000000002,0.12638800000000003,0.041800000000000004,0.031944,0.017740000000000002,0.053
217,2001-02-19,0.11412000000000001,0.07549600000000001,0.11596,0.131832,0.059764000000000005,0.046376,0.029232,0.062
218,2001-03-15,0.142465,0.11105000000000001,0.13576500000000002,0.159075,0.092855,0.070955,0.044410000000000005,0.058
219,2001-04-16,0.1233625,0.09302916666666666,0.11149583333333334,0.14069583333333333,0.0729375,0.05773333333333334,0.038012500000000005,0.062
220,2001-05-18,0.137236,0.11869200000000002,0.133444,0.165632,0.09218,0.076376,0.057304,0.059
221,2001-06-11,0.16906,0.15866400000000003,0.146272,0.18579600000000002,0.157588,0.16464800000000002,0.148592,0.098
222,2001-07-13,0.124985,0.113605,0.099,0.14167000000000002,0.117585,0.13351500000000002,0.11673,0.067
223,2001-08-14,0.05881000000000001,0.15914,0.037930000000000005,0.11609000000000001,0.094915,0.04875,0.016595,0.097
224,2001-09-15,0.10001904761904762,0.06282857142857144,0.09378571428571429,0.11934761904761904,0.045585714285714285,0.037157142857142854,0.025133333333333334,0.081
225,2001-10-17,0.07147200000000001,0.03148,0.057152,0.092172,0.020548,0.013876,0.007040000000000001,0.115
226,2001-11-18,0.10731199999999999,0.08460000000000001,0.109048,0.129748,0.057312,0.03742,0.017624,0.127
227,2001-12-12,0.13149130434782608,0.07832173913043479,0.12189565217391306,0.1447,0.05471304347826088,0.040404347826086956,0.02741304347826087,0.079
228,2002-01-18,0.090416,0.045024,0.093672,0.11241600000000002,0.031636000000000004,0.02422,0.013468,0.068
229,2002-02-19,0.08179600000000001,0.037212,0.07628,0.09997600000000001,0.025648000000000004,0.01956,0.013084,0.028
230,2002-03-15,0.120852,0.095776,0.10362400000000001,0.131712,0.08048,0.066368,0.047880000000000006,0.045
231,2002-04-16,0.17759130434782608,0.1312,0.1845217391304348,0.19949130434782608,0.10043913043478261,0.04867826086956522,0.023217391304347825,0.073
232,2002-05-18,0.138052,0.10639200000000001,0.146056,0.165408,0.07774800000000001,0.057828,0.037124000000000004,0.082
233,2002-06-19,0.23582399999999998,0.238044,0.236372,0.25498400000000004,0.21854,0.156728,0.111172,0.11
234,2002-07-13,0.08733600000000001,0.070372,0.08247600000000001,0.10782800000000001,0.057420000000000006,0.050668000000000005,0.035460000000000005,0.099
235,2002-08-14,0.1534,0.1726857142857143,0.16482857142857144,0.19236666666666669,0.1199809523809524,0.07454761904761906,0.03346666666666667,0.119
236,2002-09-15,0.10198260869565218,0.08077826086956522,0.10135652173913044,0.12534782608695652,0.05685652173913044,0.04702608695652174,0.02896521739130435,0.242
237,2002-10-17,0.4058684210526316,0.39655789473684216,0.3967894736842106,0.41357368421052637,0.3794,0.33430000000000004,0.2559526315789474,0.232
238,2002-11-18,0.092375,0.052785000000000006,0.076055,0.10306,0.031825,0.02374,0.013735,0.118
239,2002-12-12,0.12899473684210527,0.10273684210526317,0.12652631578947368,0.14320526315789472,0.08819473684210527,0.07142631578947368,0.04710526315789473,0.13
240,2003-01-18,0.09738,0.06524400000000001,0.10638,0.115108,0.044468,0.032436,0.018296000000000003,0.046
241,2003-02-19,0.07547142857142856,0.034204761904761904,0.0649,0.0886095238095238,0.027104761904761906,0.023219047619047622,0.01540952380952381,0.04
242,2003-03-15,0.083252,0.039848,0.07634,0.09513200000000001,0.025932,0.0206,0.011428,0.099
243,2003-04-16,0.1063625,0.06319166666666666,0.08537916666666667,0.11195000000000001,0.0442,0.03692916666666667,0.028920833333333333,0.075
244,2003-05-18,0.12446,0.10808800000000002,0.12660000000000002,0.14652400000000002,0.097612,0.10136400000000001,0.08354800000000001,0.073
245,2003-06-19,0.11136842105263159,0.07629473684210526,0.10941052631578949,0.13095263157894738,0.058152631578947366,0.0495,0.036652631578947374,0.099
246,2003-07-13,0.12010454545454545,0.11067727272727274,0.1267409090909091,0.13770909090909092,0.08782272727272727,0.06344090909090909,0.03868636363636364,0.092
247,2003-08-14,0.241504,0.278384,0.252108,0.28278000000000003,0.229112,0.19990000000000002,0.14272,0.159
248,2003-09-15,0.22863809523809525,0.23232857142857144,0.23172380952380955,0.2484,0.21707142857142858,0.20356190476190478,0.1714857142857143,0.109
249,2003-10-17,0.11268399999999999,0.126976,0.09008400000000001,0.132384,0.097696,0.08566,0.06114800000000001,0.202
250,2003-11-18,0.08981600000000001,0.045664,0.061392,0.09624400000000001,0.02732,0.020708,0.011264000000000001,0.108
251,2003-12-12,0.103684,0.06299199999999999,0.099692,0.116632,0.045032,0.032656000000000004,0.018708000000000002,0.09
252,2004-01-18,0.09471363636363636,0.0508909090909091,0.07320909090909092,0.09911363636363636,0.028945454545454545,0.02286818181818182,0.015554545454545455,0.078
253,2004-02-19,0.14089200000000002,0.083616,0.135276,0.154708,0.05523200000000001,0.044392,0.029916000000000005,0.08
254,2004-03-14,0.13647600000000001,0.08658,0.13246400000000003,0.1489,0.054304,0.041204000000000005,0.027008,0.099
255,2004-04-15,0.10721199999999999,0.073816,0.091588,0.12009200000000002,0.057988000000000005,0.050612000000000004,0.037152,0.06
256,2004-05-17,0.17025454545454546,0.15581818181818183,0.12739545454545456,0.17045000000000002,0.15330000000000002,0.1524318181818182,0.13345909090909092,0.084
257,2004-06-18,0.17980000000000002,0.160472,0.20092400000000002,0.203524,0.141504,0.11681600000000002,0.079716,0.062
258,2004-07-12,0.08268571428571429,0.04934761904761905,0.06053333333333334,0.0994,0.02984761904761905,0.02248095238095238,0.01212857142857143,0.106
259,2004-08-13,0.11902272727272728,0.09781363636363637,0.10599545454545456,0.13261818181818183,0.06420909090909091,0.05327272727272728,0.036913636363636364,0.155
260,2004-09-14,0.0966,0.14234782608695654,0.08626521739130436,0.1325391304347826,0.08459565217391304,0.04809130434782609,0.020356521739130436,0.107
261,2004-10-16,0.124956,0.09126000000000001,0.112232,0.137972,0.07133600000000001,0.061556,0.049336000000000005,0.11
262,2004-11-17,0.08636,0.039532000000000005,0.07403200000000001,0.101592,0.023692,0.017632000000000002,0.009172,0.074
263,2004-12-11,0.162008,0.111856,0.170916,0.179508,0.078876,0.059512,0.03526000000000001,0.089
264,2005-01-18,0.266996,0.224784,0.250064,0.272556,0.18979200000000002,0.10933599999999999,0.065992,0.059
265,2005-02-19,0.098105,0.050145,0.072725,0.10089500000000001,0.025580000000000002,0.02211,0.011495,0.155
266,2005-03-15,0.119052,0.071828,0.10241199999999999,0.126636,0.047772,0.041552,0.027252,0.126
267,2005-04-16,0.1303,0.0977304347826087,0.11621304347826088,0.14553478260869565,0.06913478260869566,0.0559304347826087,0.039769565217391306,0.097
268,2005-05-18,0.119825,0.111005,0.101755,0.13759500000000002,0.07644500000000001,0.068635,0.047310000000000005,0.12
269,2005-06-19,0.12834800000000002,0.108932,0.12094400000000001,0.147852,0.070856,0.060200000000000004,0.044116,0.131
270,2005-07-13,0.09448400000000001,0.075504,0.09274,0.11852800000000001,0.04142,0.025804000000000004,0.008448,0.116
271,2005-08-14,0.10501600000000001,0.07300000000000001,0.07266,0.111204,0.022184000000000002,0.015204,0.0085,0.155
272,2005-09-15,0.128472,0.134912,0.134324,0.15944000000000003,0.08084,0.048076,0.022912000000000002,0.147
273,2005-10-17,0.099888,0.084616,0.09800400000000001,0.128996,0.049056,0.029576,0.01188,0.104
274,2005-11-18,0.119248,0.073504,0.11418800000000001,0.13394,0.0444,0.030664,0.016548,0.098
275,2005-12-12,0.111308,0.066676,0.074536,0.11488,0.036776,0.027788,0.015644,0.148
276,2006-01-18,0.11359200000000001,0.053736000000000006,0.0848,0.12124800000000001,0.033952,0.025808,0.016124000000000003,0.143
277,2006-02-19,0.11337200000000001,0.055428,0.098216,0.12328399999999999,0.033648000000000004,0.024484000000000002,0.0143,0.135
278,2006-03-15,0.14158,0.09499600000000001,0.125952,0.146012,0.05248,0.04218,0.030327999999999997,0.111
279,2006-04-16,0.160356,0.122212,0.143484,0.172276,0.095668,0.0809,0.061116,0.066
280,2006-05-18,0.130896,0.12346,0.10344800000000001,0.15024,0.08992800000000001,0.07860800000000001,0.061264,0.122
281,2006-06-19,0.12432608695652175,0.10478695652173912,0.11335217391304347,0.1389521739130435,0.07826521739130435,0.07014782608695652,0.05202608695652174,0.126
282,2006-07-13,0.163104,0.15604,0.153876,0.183572,0.12496800000000001,0.104452,0.074604,0.389
283,2006-08-14,0.0976304347826087,0.2179086956521739,0.0857695652173913,0.14794782608695653,0.13472608695652175,0.06615652173913045,0.024269565217391303,0.228
284,2006-09-15,0.084676,0.122008,0.077116,0.11446400000000001,0.067136,0.0373,0.013268000000000002,0.3
285,2006-10-17,0.107512,0.069404,0.086524,0.11716800000000001,0.035532,0.025004000000000002,0.011896,0.234
286,2006-11-18,0.336735,0.35586500000000004,0.349235,0.362285,0.312575,0.182515,0.10203,0.153
287,2006-12-12,0.10436,0.05934400000000001,0.052064,0.098724,0.023312000000000003,0.019676,0.013224000000000001,0.088
288,2001-01-18,0.113776,0.06033600000000001,0.115972,0.134628,0.034792000000000003,0.025896,0.013191999999999999,0.092
289,2001-02-19,0.137484,0.08673600000000001,0.12978,0.15278,0.06426000000000001,0.050768,0.031880000000000006,0.062
290,2001-03-15,0.141516,0.10055599999999999,0.137188,0.161028,0.08084,0.060292,0.037004,0.089
291,2001-04-16,0.14169600000000002,0.10310799999999999,0.13199200000000003,0.159128,0.07928400000000001,0.065688,0.04673600000000001,0.077
292,2001-05-18,0.131012,0.09363600000000001,0.13408,0.16142,0.061472000000000006,0.048116000000000006,0.032776,0.045
293,2001-06-11,0.16771500000000003,0.14076,0.14827,0.18436,0.143535,0.15549000000000002,0.14668,0.075
294,2001-07-13,0.09758,0.08371333333333333,0.07541333333333333,0.11930666666666667,0.08347333333333334,0.10135333333333334,0.08104666666666667,0.053
295,2001-08-14,0.0785125,0.08265,0.07396666666666667,0.12037500000000001,0.04950416666666667,0.03795416666666667,0.020745833333333335,0.064
296,2001-09-15,0.13331600000000002,0.107448,0.131012,0.153068,0.09106,0.079592,0.05936,0.084
297,2001-10-17,0.073764,0.032116000000000006,0.05134400000000001,0.094588,0.014096000000000001,0.009872,0.004744,0.08
298,2001-11-18,0.10478499999999999,0.07832000000000001,0.11018499999999999,0.128995,0.05423,0.033915,0.016865,0.061
299,2001-12-12,0.14241600000000001,0.08304,0.133364,0.15512,0.05031600000000001,0.037008,0.023748000000000002,0.066
300,2002-01-18,0.08894400000000001,0.03462,0.0883,0.110732,0.020656,0.016428,0.008852,0.052
301,2002-02-19,0.08316842105263159,0.027931578947368422,0.07482105263157895,0.1028578947368421,0.016752631578947366,0.012573684210526317,0.007378947368421053,0.035
302,2002-03-15,0.13129583333333333,0.09360833333333334,0.11245416666666667,0.14185,0.07363750000000001,0.0608625,0.0442125,0.049
303,2002-04-16,0.116632,0.070552,0.126076,0.140848,0.051776,0.031464,0.014428000000000002,0.063
304,2002-05-18,0.13870909090909092,0.09707272727272728,0.14730909090909092,0.16640454545454547,0.0671,0.052045454545454554,0.03569090909090909,0.047
305,2002-06-19,0.253075,0.23739375000000001,0.2401,0.26649375000000003,0.23347500000000002,0.21995625000000002,0.16641875,0.115
306,2002-07-13,0.10450000000000001,0.076225,0.09416000000000001,0.127775,0.05999500000000001,0.05449500000000001,0.04049,0.082
307,2002-08-14,0.14538800000000002,0.159804,0.1565,0.18352400000000002,0.10837200000000001,0.06603200000000001,0.028696,0.124
308,2002-09-15,0.110456,0.087372,0.10426800000000001,0.131224,0.06684,0.058952000000000004,0.040628,0.117
309,2002-10-17,0.264024,0.2323,0.255648,0.276108,0.210648,0.199612,0.164956,0.153
310,2002-11-18,0.09495200000000001,0.044912,0.076456,0.10516800000000001,0.018828,0.013540000000000002,0.008124,0.073
311,2002-12-12,0.11457600000000001,0.07477600000000001,0.111752,0.129508,0.054964,0.04028,0.023476,0.064
312,2003-01-18,0.10431500000000002,0.06139,0.112295,0.12465000000000001,0.040205000000000005,0.027880000000000002,0.01454,0.046
313,2003-02-19,0.08800000000000001,0.035172,0.07206,0.10077200000000001,0.0233,0.019528,0.013428,0.051
314,2003-03-15,0.08841,0.03899,0.07989,0.101855,0.022735000000000002,0.01806,0.00908,0.093
315,2003-04-16,0.112544,0.06484400000000001,0.09098400000000001,0.11797600000000001,0.041639999999999996,0.035024,0.027252,0.086
316,2003-05-18,0.16948,0.13716,0.170836,0.188456,0.13396,0.13544,0.11904400000000001,0.087
317,2003-06-19,0.116556,0.07720800000000001,0.120732,0.13906800000000002,0.052879999999999996,0.0434,0.030660000000000003,0.084
318,2003-07-13,0.110136,0.092356,0.116096,0.126684,0.06693600000000001,0.049288,0.032404,0.08
319,2003-08-14,0.086285,0.21141000000000001,0.07554,0.153775,0.119345,0.058879999999999995,0.01665,0.123
320,2003-09-15,0.1794318181818182,0.1550090909090909,0.1812909090909091,0.19977727272727275,0.13204545454545455,0.1265409090909091,0.10547727272727273,0.096
321,2003-10-17,0.11058800000000002,0.054764,0.09426000000000001,0.12384000000000002,0.026184,0.019088,0.009336,0.107
322,2003-11-18,0.093704,0.04,0.06384,0.10024400000000001,0.017576,0.013568000000000002,0.006808,0.097
323,2003-12-12,0.12952727272727274,0.08302272727272728,0.12111818181818183,0.1421136363636364,0.06329545454545456,0.05331363636363637,0.03646818181818182,0.095
324,2004-01-18,0.107104,0.057048,0.080992,0.11048800000000002,0.02628,0.021752,0.01706,0.075
325,2004-02-19,0.15640833333333334,0.10303333333333332,0.14735833333333334,0.1696416666666667,0.08599583333333334,0.08085,0.06462916666666667,0.103
326,2004-03-14,0.14296956521739132,0.08840869565217392,0.13969565217391305,0.15603478260869566,0.053378260869565215,0.039286956521739136,0.025065217391304347,0.108
327,2004-04-15,0.108732,0.056856,0.096756,0.12541600000000003,0.037768,0.030000000000000002,0.020668000000000002,0.082
328,2004-05-17,0.20251600000000003,0.18416,0.15038,0.19696,0.19434800000000002,0.20422800000000002,0.1895,0.072
329,2004-06-18,0.17563499999999999,0.15447000000000002,0.192945,0.20134000000000002,0.13254000000000002,0.10052000000000001,0.06420000000000001,0.095
330,2004-07-12,0.08633600000000001,0.040260000000000004,0.064984,0.103836,0.018272,0.015084000000000002,0.0072840000000000005,0.079
331,2004-08-13,0.129176,0.089648,0.117,0.142924,0.05643600000000001,0.04772,0.034336000000000005,0.209
332,2004-09-14,0.107232,0.193412,0.09899600000000001,0.15621600000000002,0.10932800000000001,0.052312000000000004,0.019036,0.309
333,2004-10-16,0.09864166666666667,0.0634875,0.0876625,0.11571666666666668,0.0391875,0.034300000000000004,0.025229166666666667,0.295
334,2004-11-17,0.08895,0.0345,0.07814,0.10506500000000002,0.017490000000000002,0.01186,0.0061200000000000004,0.074
335,2004-12-11,0.159372,0.1043,0.168492,0.179336,0.07033600000000001,0.052752,0.029836,0.065
336,2005-01-18,0.23592380952380956,0.1900619047619048,0.2234857142857143,0.24486190476190478,0.1593857142857143,0.0874047619047619,0.0507,0.069
337,2005-02-19,0.10216666666666667,0.04744285714285715,0.0726952380952381,0.10374761904761905,0.017885714285714286,0.01370952380952381,0.0074523809523809525,0.111
338,2005-03-15,0.12464583333333333,0.06687083333333334,0.10011666666666667,0.13085833333333333,0.035883333333333337,0.031370833333333334,0.020758333333333337,0.119
339,2005-04-16,0.1274391304347826,0.08740869565217392,0.11491739130434783,0.14547391304347826,0.057534782608695656,0.04693913043478261,0.03239130434782609,0.076
340,2005-05-18,0.16436,0.128692,0.143848,0.17516,0.111404,0.106504,0.074764,0.129
341,2005-06-19,0.133756,0.102612,0.12772,0.15572000000000003,0.062328,0.053596000000000005,0.038844000000000004,0.131
342,2005-07-13,0.13912000000000002,0.10932000000000001,0.131376,0.155112,0.07698400000000001,0.062060000000000004,0.042784,0.144
343,2005-08-14,0.112045,0.06735000000000001,0.076425,0.11636500000000001,0.01225,0.009335,0.0052250000000000005,0.127
344,2005-09-15,0.136695,0.11429000000000002,0.146625,0.1683,0.058105,0.035105000000000004,0.015880000000000002,0.102
345,2005-10-17,0.09491000000000001,0.11017500000000001,0.092465,0.13256500000000002,0.062625,0.032055,0.010235,0.074
346,2005-11-18,0.1197608695652174,0.0651608695652174,0.11162608695652175,0.13716521739130436,0.03592608695652174,0.025760869565217396,0.013747826086956523,0.103
347,2005-12-12,0.117024,0.06589199999999999,0.081196,0.120836,0.027788,0.02112,0.012728000000000001,0.195
348,2006-01-18,0.13204400000000002,0.07124400000000002,0.101236,0.13759200000000002,0.043428,0.03902,0.029304000000000004,0.11
349,2006-02-19,0.121908,0.056403999999999996,0.105628,0.13026400000000002,0.028404000000000002,0.019928,0.011228,0.138
350,2006-03-15,0.1475809523809524,0.0966904761904762,0.13124761904761903,0.1522666666666667,0.05076666666666667,0.040395238095238095,0.029233333333333333,0.1
351,2006-04-16,0.164276,0.118284,0.14758800000000002,0.17712,0.090036,0.075256,0.056072000000000004,0.073
352,2006-05-18,0.1341,0.094764,0.10161200000000001,0.147956,0.060804,0.056376,0.04504,0.099
353,2006-06-19,0.13994347826086959,0.11106521739130436,0.1206,0.15630869565217392,0.1011913043478261,0.11325217391304349,0.09110869565217392,0.202
354,2006-07-13,0.15327000000000002,0.12752000000000002,0.13870000000000002,0.17335,0.09673,0.08236500000000001,0.06062000000000001,0.277
355,2006-08-14,0.08075,0.18587272727272727,0.058059090909090914,0.13287272727272728,0.10575454545454546,0.05352272727272728,0.018554545454545456,0.232
356,2006-09-15,0.095836,0.10988,0.08933200000000001,0.12292800000000001,0.05740800000000001,0.033472,0.013047999999999999,0.232
357,2006-10-17,0.110012,0.060928,0.08696000000000001,0.11859600000000001,0.023232,0.015600000000000001,0.006064,0.201
358,2006-11-18,0.33458800000000005,0.36822800000000006,0.34578800000000004,0.3619,0.31602,0.181952,0.0998,0.18
359,2006-12-12,0.104396,0.05489600000000001,0.052348000000000006,0.10014,0.017736000000000002,0.015752000000000002,0.008888,0.081
360,2001-01-18,0.091128,0.113708,0.069912,0.096072,0.11016800000000002,0.099504,0.06392400000000001,0.186
361,2001-02-19,0.11412857142857143,0.1295714285714286,0.08907142857142857,0.12003809523809524,0.12236666666666668,0.10377142857142858,0.06616190476190477,0.091
362,2001-03-15,0.096405,0.11957000000000001,0.08339500000000001,0.10780999999999999,0.10612,0.087385,0.05437000000000001,0.094
363,2001-04-16,0.071728,0.13448800000000002,0.050960000000000005,0.083168,0.11597600000000001,0.086436,0.049424,0.166
364,2001-05-18,0.12377083333333333,0.17379166666666668,0.1094875,0.13462083333333333,0.1571625,0.12517083333333334,0.081925,0.136
365,2001-06-11,0.1395,0.20175,0.1179,0.1502125,0.19013333333333335,0.17801250000000002,0.1417875,0.239
366,2001-07-13,0.0854809523809524,0.20235238095238098,0.05716190476190476,0.09683333333333334,0.19185714285714286,0.1652,0.1126,0.374
367,2001-08-14,0.03667083333333333,0.14512083333333334,0.024220833333333334,0.052895833333333336,0.1265,0.0821375,0.03815416666666667,0.186
368,2001-09-15,0.19904166666666667,0.25869166666666665,0.19280833333333333,0.2119,0.23878333333333335,0.19802916666666667,0.137075,0.192
369,2001-10-17,0.06546666666666666,0.0998904761904762,0.04740952380952381,0.0740857142857143,0.09564285714285715,0.07338571428571429,0.042838095238095245,0.166
370,2001-11-18,0.06768400000000001,0.10786,0.039056,0.068484,0.114556,0.106804,0.07064,0.278
371,2001-12-12,0.08992000000000001,0.11344000000000001,0.065912,0.092528,0.11558,0.09758,0.063124,0.128
372,2002-01-18,0.05874400000000001,0.079012,0.039964,0.063968,0.08379600000000001,0.079856,0.053988,0.147
373,2002-02-19,0.0706304347826087,0.10713913043478261,0.04987826086956522,0.07354782608695652,0.10416521739130435,0.0923304347826087,0.06318260869565218,0.259
374,2002-03-15,0.107172,0.174968,0.08408800000000001,0.11299600000000001,0.159844,0.12508,0.079792,0.296
375,2002-04-16,0.30820000000000003,0.332432,0.300752,0.32137600000000005,0.318452,0.30486,0.245292,0.194
376,2002-05-18,0.07534400000000001,0.132904,0.06533200000000002,0.08602800000000001,0.11775999999999999,0.09064,0.052136,0.338
377,2002-06-19,0.13182000000000002,0.191115,0.12177000000000002,0.14167000000000002,0.18027500000000002,0.154865,0.11067500000000001,0.121
378,2002-07-13,0.06811818181818181,0.17131818181818184,0.04581818181818182,0.08491363636363637,0.15323636363636364,0.11645454545454545,0.06080909090909092,0.435
379,2002-08-14,0.18118695652173913,0.23267826086956522,0.20538260869565217,0.20729565217391305,0.20424782608695655,0.1665304347826087,0.10040434782608697,0.174
380,2002-09-15,0.080212,0.14874400000000002,0.075644,0.09296,0.13536,0.09950800000000001,0.056212000000000005,0.347
381,2002-10-17,0.244296,0.28424000000000005,0.242308,0.253684,0.28202800000000006,0.243704,0.179348,0.231
382,2002-11-18,0.07049565217391304,0.10608695652173913,0.041739130434782605,0.07310869565217391,0.10727391304347826,0.10720869565217393,0.06966521739130435,0.195
383,2002-12-12,0.125908,0.140328,0.11736800000000001,0.132684,0.13787200000000002,0.11326,0.07643200000000001,0.22
384,2003-01-18,0.11018499999999999,0.12233000000000001,0.095945,0.113755,0.12161500000000001,0.110775,0.07887000000000001,0.107
385,2003-02-19,0.06413200000000001,0.08203200000000001,0.04383600000000001,0.06437999999999999,0.085904,0.076312,0.05128,0.232
386,2003-03-15,0.07569600000000001,0.121328,0.049648000000000005,0.07683200000000001,0.117676,0.10197200000000001,0.067164,0.166
387,2003-04-16,0.08297916666666667,0.14194583333333333,0.0590375,0.08944166666666667,0.12932083333333333,0.09797916666666667,0.06326666666666667,0.137
388,2003-05-18,0.03744583333333333,0.12443333333333333,0.02880416666666667,0.05808333333333334,0.1275,0.12480416666666667,0.0702125,0.333
389,2003-06-19,0.06913200000000001,0.128156,0.048788000000000005,0.076128,0.11726,0.096764,0.061048000000000005,0.195
390,2003-07-13,0.13890476190476192,0.1890666666666667,0.15018571428571428,0.15613809523809524,0.17155714285714288,0.13573809523809524,0.08423809523809525,0.287
391,2003-08-14,0.10804500000000002,0.181085,0.11529500000000001,0.128235,0.16926,0.122985,0.06098,0.175
392,2003-09-15,0.213396,0.30099200000000004,0.21866,0.232664,0.28599600000000003,0.24549200000000002,0.17588800000000002,0.181
393,2003-10-17,0.07203200000000001,0.13924,0.041664,0.074488,0.141332,0.11379600000000001,0.068496,0.123
394,2003-11-18,0.0693,0.08059444444444445,0.05191111111111111,0.0696888888888889,0.08637222222222223,0.07838333333333335,0.05070555555555556,0.164
395,2003-12-12,0.08442608695652175,0.10021739130434783,0.06866086956521739,0.08897826086956521,0.10188695652173912,0.08829565217391304,0.05517826086956522,0.228
396,2004-01-18,0.08369166666666666,0.099625,0.06406666666666666,0.08502083333333334,0.10532083333333334,0.09528750000000001,0.07085416666666666,0.216
397,2004-02-19,0.097625,0.11334000000000001,0.079705,0.09936500000000001,0.112155,0.09793500000000001,0.068625,0.26
398,2004-03-14,0.11772380952380952,0.14334761904761906,0.09042857142857144,0.11678095238095239,0.1307809523809524,0.11078571428571429,0.07768095238095239,0.29
399,2004-04-15,0.080324,0.13678800000000002,0.05582000000000001,0.08493200000000001,0.122824,0.090632,0.059028,0.183
400,2004-05-17,0.11335454545454546,0.19526818181818184,0.07673181818181819,0.11078181818181818,0.20691363636363636,0.17546363636363638,0.12988181818181818,0.187
401,2004-06-18,0.13265000000000002,0.16976500000000003,0.13817000000000002,0.14718,0.15817,0.11091500000000001,0.05741,0.171
402,2004-07-12,0.06402083333333335,0.13685,0.043458333333333335,0.0746,0.12614166666666668,0.100375,0.05842083333333334,0.219
403,2004-08-13,0.0857217391304348,0.16468695652173912,0.06682608695652174,0.09577826086956522,0.14043478260869566,0.10277826086956524,0.05585217391304348,0.207
404,2004-09-14,0.10815999999999999,0.198956,0.10358800000000001,0.12768,0.165804,0.110136,0.057684000000000006,0.181
405,2004-10-16,0.09048,0.138804,0.069028,0.09396,0.135828,0.108432,0.069052,0.174
406,2004-11-17,0.08024761904761905,0.0963952380952381,0.05624761904761905,0.08081904761904762,0.09744761904761905,0.08362857142857144,0.05424285714285715,0.164
407,2004-12-11,0.1579,0.1504608695652174,0.1597304347826087,0.16668695652173912,0.1338695652173913,0.11393913043478261,0.07631739130434782,0.242
408,2005-01-18,0.09879545454545455,0.10506818181818182,0.07383636363636364,0.09828181818181819,0.10162727272727273,0.0912409090909091,0.06138636363636364,0.252
409,2005-02-19,0.09160416666666667,0.10427083333333333,0.06484166666666667,0.0921125,0.10499166666666668,0.09268333333333334,0.06342916666666666,0.185
410,2005-03-15,0.08827727272727273,0.11371363636363638,0.06286363636363637,0.08873636363636364,0.10783636363636363,0.09098181818181819,0.06197272727272728,0.296
411,2005-04-16,0.093168,0.148556,0.072924,0.09839200000000001,0.136812,0.10794400000000001,0.07080800000000001,0.198
412,2005-05-18,0.13929200000000003,0.20336800000000002,0.11847200000000001,0.14427600000000002,0.19481600000000002,0.180252,0.139124,0.198
413,2005-06-19,0.07351200000000001,0.148824,0.040552,0.076864,0.14328800000000003,0.119884,0.07816000000000001,0.159
414,2005-07-13,0.05186363636363636,0.19035000000000002,0.023572727272727273,0.06200454545454545,0.17784545454545456,0.12982272727272728,0.0655,0.172
415,2005-08-14,0.09894736842105264,0.19064210526315792,0.07134736842105265,0.10696315789473684,0.15947894736842108,0.11576842105263159,0.06430000000000001,0.195
416,2005-09-15,0.06853636363636365,0.1907,0.041113636363636366,0.08213636363636365,0.16715454545454544,0.11666818181818182,0.05846363636363636,0.261
417,2005-10-17,0.12209130434782609,0.15931739130434783,0.12033478260869565,0.13274782608695654,0.15144782608695653,0.11894782608695653,0.07445217391304348,0.194
418,2005-11-18,0.10838,0.13878000000000001,0.102605,0.115805,0.13726500000000003,0.11602000000000001,0.0767,0.224
419,2005-12-12,0.11048695652173914,0.13128260869565217,0.07885217391304349,0.10807391304347826,0.13639565217391306,0.12227391304347826,0.08521739130434783,0.247
420,2006-01-18,0.103084,0.113752,0.08314400000000001,0.102656,0.11592400000000001,0.101912,0.068884,0.3
421,2006-02-19,0.09170800000000001,0.101036,0.071864,0.092656,0.09836400000000001,0.083096,0.05539600000000001,0.119
422,2006-03-15,0.09769166666666666,0.13232083333333333,0.06924583333333334,0.09927083333333334,0.12672083333333334,0.10092916666666667,0.06639583333333333,0.135
423,2006-04-16,0.09499200000000001,0.164408,0.069236,0.10232400000000001,0.147792,0.110124,0.07284800000000001,0.248
424,2006-05-18,0.11466190476190477,0.16025714285714288,0.09086666666666667,0.1211904761904762,0.15625238095238098,0.14144285714285715,0.10016190476190476,0.174
425,2006-06-19,0.09534400000000001,0.161708,0.067076,0.099504,0.163396,0.153604,0.119704,0.414
426,2006-07-13,0.0928909090909091,0.2223909090909091,0.08173636363636363,0.10840454545454546,0.19371818181818184,0.15416818181818184,0.09012272727272728,0.176
427,2006-08-14,0.10852,0.24650000000000002,0.13068,0.145904,0.21792800000000004,0.147784,0.06777200000000001,0.59
428,2006-09-15,0.06867200000000001,0.146048,0.05244,0.07868,0.13592400000000002,0.09928000000000001,0.05552000000000001,0.198
429,2006-10-17,0.098552,0.146332,0.086036,0.107636,0.14580400000000002,0.116096,0.06954,0.136
430,2006-11-18,0.380112,0.38413600000000003,0.39448000000000005,0.39403200000000005,0.357424,0.21372800000000003,0.119332,0.102
431,2006-12-12,0.079012,0.098624,0.055892,0.08002000000000001,0.10626800000000002,0.092864,0.061655999999999996,0.188
432,2001-01-18,0.137956,0.07574800000000001,0.122004,0.148724,0.031939999999999996,0.023304000000000002,0.011420000000000001,0.149
433,2001-02-19,0.163612,0.105128,0.146268,0.17246,0.07028400000000001,0.056504,0.0374,0.102
434,2001-03-15,0.14286500000000002,0.08864500000000002,0.131115,0.15769000000000002,0.063295,0.048965,0.03128,0.108
435,2001-04-16,0.158288,0.097912,0.1369,0.165644,0.06840800000000001,0.061168,0.047288000000000004,0.098
436,2001-05-18,0.20145238095238097,0.1650904761904762,0.1862238095238095,0.22782857142857144,0.15331904761904763,0.1599857142857143,0.13792857142857143,0.062
437,2001-06-11,0.173812,0.11719200000000002,0.16602,0.19387600000000002,0.097816,0.10451600000000001,0.098152,0.059
438,2001-07-13,0.172812,0.15268,0.14410799999999999,0.19172,0.156232,0.163332,0.147352,0.055
439,2001-08-14,0.05713125,0.02065625,0.0634,0.0893,0.011875,0.00919375,0.0034500000000000004,0.051
440,2001-09-15,0.1101904761904762,0.068,0.09768571428571429,0.13069523809523811,0.04977142857142858,0.0425,0.030171428571428575,0.076
441,2001-10-17,0.076952,0.025984,0.061024,0.09860000000000001,0.011600000000000001,0.008876,0.004260000000000001,0.093
442,2001-11-18,0.11772,0.061891999999999996,0.120436,0.142688,0.037472000000000005,0.025707999999999998,0.013044,0.085
443,2001-12-12,0.14634761904761903,0.08432380952380952,0.11170000000000001,0.1510142857142857,0.0432,0.03366666666666667,0.02444285714285714,0.08
444,2002-01-18,0.100756,0.036216000000000005,0.086232,0.114384,0.017572,0.014364,0.007384000000000001,0.043
445,2002-02-19,0.104744,0.04250400000000001,0.07949600000000001,0.111436,0.015876,0.011944,0.007672,0.07
446,2002-03-15,0.150952,0.095808,0.128136,0.161852,0.070268,0.061132000000000006,0.048060000000000005,0.054
447,2002-04-16,0.11778,0.049956,0.11429600000000001,0.136996,0.029072000000000004,0.02324,0.012016,0.066
448,2002-05-18,0.167324,0.108852,0.166,0.187308,0.080308,0.0726,0.060712,0.074
449,2002-06-19,0.30012,0.278464,0.295796,0.314564,0.26728,0.221,0.165584,0.062
450,2002-07-13,0.126036,0.074768,0.10964000000000002,0.14416,0.06492,0.06404,0.052288,0.059
451,2002-08-14,0.16626,0.16884000000000002,0.17772000000000002,0.202785,0.117585,0.08124,0.046325000000000005,0.1
452,2002-09-15,0.070608,0.027212,0.057884000000000005,0.093068,0.011264000000000001,0.008016,0.0031320000000000002,0.098
453,2002-10-17,0.20167500000000002,0.168715,0.20292000000000002,0.21523000000000003,0.15595,0.14149,0.117155,0.068
454,2002-11-18,0.1039952380952381,0.04546190476190476,0.07394285714285714,0.11024285714285714,0.013885714285714286,0.009657142857142857,0.005914285714285715,0.095
455,2002-12-12,0.13301739130434784,0.07487391304347826,0.12751739130434783,0.14927826086956522,0.03921739130434783,0.02805217391304348,0.01543913043478261,0.11
456,2003-01-18,0.10444800000000001,0.06062000000000001,0.11127200000000001,0.125196,0.037784,0.028128,0.015188,0.059
457,2003-02-19,0.10200000000000001,0.0366421052631579,0.07551578947368422,0.11075789473684211,0.01757894736842105,0.015810526315789476,0.009457894736842106,0.045
458,2003-03-15,0.10763636363636363,0.037936363636363636,0.08593181818181819,0.11989545454545456,0.014704545454545455,0.01164090909090909,0.0055636363636363635,0.118
459,2003-04-16,0.132884,0.07006000000000001,0.10284000000000001,0.13676,0.034476,0.028848000000000002,0.022068,0.074
460,2003-05-18,0.182356,0.131684,0.171912,0.195076,0.127312,0.135888,0.124672,0.058
461,2003-06-19,0.12860000000000002,0.06494736842105264,0.12353684210526317,0.15078947368421053,0.035231578947368426,0.026763157894736846,0.016826315789473686,0.057
462,2003-07-13,0.140828,0.10133600000000001,0.149556,0.166076,0.081972,0.06692000000000001,0.046788,0.068
463,2003-08-14,0.12946818181818184,0.1806636363636364,0.12431363636363638,0.1942136363636364,0.11196818181818183,0.06849545454545455,0.03015,0.066
464,2003-09-15,0.167236,0.12164000000000001,0.16571600000000003,0.18458,0.097012,0.093092,0.07683200000000001,0.06
465,2003-10-17,0.11323599999999999,0.049008,0.082828,0.124432,0.014272,0.010400000000000001,0.004,0.115
466,2003-11-18,0.103304,0.045484,0.068068,0.106396,0.014596000000000001,0.011176000000000002,0.005452,0.09
467,2003-12-12,0.128008,0.07261200000000001,0.123796,0.14552400000000001,0.044728,0.030864,0.015816,0.064
468,2004-01-18,0.12012380952380952,0.06902857142857144,0.08010952380952381,0.11782857142857142,0.0235,0.021319047619047623,0.01674761904761905,0.085
469,2004-02-19,0.122084,0.05948,0.115684,0.13576400000000002,0.034144,0.025564,0.015632,0.115
470,2004-03-14,0.140916,0.080196,0.138024,0.15526,0.045684,0.033600000000000005,0.022024000000000002,0.103
471,2004-04-15,0.12427600000000001,0.056903999999999996,0.103128,0.135524,0.031656000000000004,0.02556,0.01844,0.069
472,2004-05-17,0.22170952380952383,0.19173809523809524,0.16467619047619048,0.21220952380952382,0.2072904761904762,0.22263333333333335,0.20931428571428573,0.075
473,2004-06-18,0.154328,0.087772,0.1584,0.1768,0.06716799999999999,0.061636,0.046024,0.062
474,2004-07-12,0.09845238095238096,0.03180952380952381,0.0736952380952381,0.11615714285714288,0.009323809523809524,0.010366666666666668,0.00651904761904762,0.049
475,2004-08-13,0.123635,0.06822,0.10782000000000001,0.13633,0.03746000000000001,0.033605,0.023540000000000002,0.071
476,2004-09-14,0.119344,0.125372,0.120784,0.16982000000000003,0.068092,0.035052,0.013428,0.889
477,2004-10-16,0.094308,0.036512,0.074068,0.1153,0.013692,0.011116000000000001,0.005560000000000001,0.074
478,2004-11-17,0.09695238095238096,0.03564285714285714,0.08420476190476191,0.11403809523809523,0.015042857142857143,0.009738095238095238,0.0055000000000000005,0.083
479,2004-12-11,0.16454400000000002,0.11048800000000002,0.17356400000000002,0.185584,0.073408,0.05532000000000001,0.033060000000000006,0.078
480,2005-01-18,0.362164,0.32158400000000004,0.33604,0.364752,0.301,0.267212,0.21783200000000003,0.078
481,2005-02-19,0.1203952380952381,0.06783809523809524,0.07690952380952382,0.11673809523809524,0.016219047619047623,0.01355714285714286,0.006357142857142857,0.111
482,2005-03-15,0.13425600000000001,0.068496,0.095044,0.13524000000000003,0.020156,0.015268000000000002,0.008968,0.113
483,2005-04-16,0.11948,0.06033200000000001,0.11306800000000002,0.140968,0.029804000000000004,0.020868,0.011852,0.092
484,2005-05-18,0.16398181818181817,0.10208636363636364,0.16459545454545454,0.1811909090909091,0.056645454545454554,0.04430454545454546,0.02833636363636364,0.101
485,2005-06-19,0.140256,0.0879,0.126332,0.15596400000000002,0.058572000000000006,0.057932000000000004,0.04814,0.105
486,2005-07-13,0.16620833333333335,0.11987500000000001,0.15001250000000002,0.17703750000000001,0.08840833333333334,0.07769166666666667,0.058775,0.086
487,2005-08-14,0.12389200000000002,0.06578400000000001,0.082264,0.126184,0.011272,0.009244,0.0064280000000000006,0.119
488,2005-09-15,0.128784,0.13251600000000002,0.133532,0.169076,0.06546400000000001,0.036196,0.015108000000000002,0.11
489,2005-10-17,0.129968,0.098944,0.12504,0.155308,0.06582400000000001,0.052016,0.033600000000000005,0.13
490,2005-11-18,0.1392625,0.07467916666666667,0.126025,0.15214583333333334,0.04365416666666667,0.040087500000000005,0.0277125,0.079
491,2005-12-12,0.10409600000000001,0.04798,0.069016,0.11036,0.01882,0.012740000000000001,0.00826,0.151
492,2006-01-18,0.16468,0.10472400000000001,0.141512,0.16932000000000003,0.046784,0.033484,0.019544000000000002,0.092
493,2006-02-19,0.13544,0.070248,0.119708,0.142532,0.03584,0.027104000000000003,0.015476,0.134
494,2006-03-15,0.15554800000000002,0.096792,0.134976,0.158476,0.043876,0.034027999999999996,0.024096000000000003,0.121
495,2006-04-16,0.140492,0.09028,0.07863200000000001,0.134632,0.060752,0.07146000000000001,0.06256,0.097
496,2006-05-18,0.136204,0.085312,0.104532,0.14960400000000001,0.056228,0.055496000000000004,0.04762400000000001,0.157
497,2006-06-19,0.16874545454545456,0.12856363636363638,0.13754545454545455,0.17949545454545457,0.12223181818181818,0.1388409090909091,0.12568636363636362,0.079
498,2006-07-13,0.14968800000000002,0.081864,0.11972000000000001,0.15914,0.05878,0.057604,0.047336,0.155
499,2006-08-14,0.102128,0.08706799999999999,0.08408800000000001,0.13096,0.043876,0.028980000000000002,0.013432,0.139
500,2006-09-15,0.091076,0.061352000000000004,0.07998400000000001,0.11060400000000001,0.021248,0.013848,0.004788000000000001,0.25
501,2006-10-17,0.10869600000000001,0.04824,0.081804,0.11482400000000001,0.01642,0.011128,0.0043040000000000005,0.062
502,2006-11-18,0.31287,0.31471,0.32088500000000003,0.33626,0.276065,0.161895,0.09093,0.11
503,2006-12-12,0.102164,0.053264,0.04694,0.092836,0.013980000000000001,0.011316,0.0073,0.147
504,2001-01-18,0.13692000000000001,0.085608,0.128112,0.14646800000000001,0.0504,0.045864,0.033104,0.089
505,2001-02-19,0.142016,0.088436,0.12284800000000001,0.14808800000000003,0.052172,0.039928,0.02542,0.216
506,2001-03-15,0.14837,0.08639000000000001,0.129255,0.16071,0.05878,0.049345,0.033275,0.119
507,2001-04-16,0.158024,0.099124,0.139208,0.165736,0.069164,0.061472000000000006,0.04764,0.11
508,2001-05-18,0.2078625,0.1649625,0.20135,0.22713750000000002,0.14177083333333335,0.14108333333333334,0.12228333333333333,0.086
509,2001-06-11,0.18858,0.13811199999999998,0.16174000000000002,0.204132,0.131952,0.146852,0.138508,0.07
510,2001-07-13,0.126088,0.07728800000000001,0.13944800000000002,0.161912,0.06246000000000001,0.055824000000000006,0.042828,0.053
511,2001-08-14,0.06929473684210527,0.017594736842105264,0.0776842105263158,0.10892631578947369,0.0095,0.007236842105263158,0.0023526315789473688,0.036
512,2001-09-15,0.041350000000000005,0.01175,0.03885,0.07415000000000001,0.0063,0.01085,0.00415,0.04
513,2001-10-17,0.075104,0.021492,0.067776,0.10429600000000001,0.01076,0.008196,0.003872,0.048
514,2001-11-18,0.10798800000000001,0.052879999999999996,0.117552,0.1375,0.032792,0.021364,0.012032,0.06
515,2001-12-12,0.146708,0.08444,0.099968,0.148008,0.03998,0.032556,0.023652000000000003,0.091
516,2002-01-18,0.125232,0.05569600000000001,0.09582,0.131144,0.019172,0.0149,0.007956000000000001,0.057
517,2002-02-19,0.10756800000000001,0.032988,0.081412,0.119208,0.014348,0.009632,0.005448,0.025
518,2002-03-15,0.1479,0.084104,0.12017200000000001,0.15572000000000003,0.05153200000000001,0.042408,0.033264,0.07
519,2002-04-16,0.11078800000000001,0.037927999999999996,0.10552,0.130996,0.020232,0.016540000000000003,0.007852,0.066
520,2002-05-18,0.18085600000000002,0.130996,0.155176,0.18793200000000002,0.13118800000000003,0.140468,0.12704400000000002,0.084
521,2002-06-19,0.33124000000000003,0.310732,0.319052,0.344852,0.29838800000000004,0.24799600000000002,0.17844400000000002,0.08
522,2002-07-13,0.128396,0.074852,0.119112,0.1486,0.06577200000000001,0.06614,0.054228,0.041
523,2002-08-14,0.23185500000000003,0.209095,0.24773000000000003,0.26013000000000003,0.16853,0.13650500000000002,0.08990000000000001,0.047
524,2002-09-15,0.06860000000000001,0.02143809523809524,0.06311428571428572,0.0964761904761905,0.009971428571428572,0.007304761904761905,0.0021333333333333334,0.041
525,2002-10-17,0.317835,0.294245,0.31652,0.328635,0.28237,0.260445,0.21561500000000003,0.045
526,2002-11-18,0.10505,0.046265,0.070515,0.109885,0.013245,0.009365000000000002,0.00604,0.088
527,2002-12-12,0.134295,0.06946000000000001,0.129415,0.15032500000000001,0.0356,0.025635000000000005,0.014935,0.069
528,2003-01-18,0.12526800000000002,0.06905599999999999,0.12368800000000002,0.141468,0.039804000000000006,0.028688,0.015352000000000001,0.054
529,2003-02-19,0.121575,0.050595,0.088955,0.12762500000000002,0.021465,0.017835,0.01141,0.057
530,2003-03-15,0.10305,0.03299,0.07132000000000001,0.110575,0.010375,0.008615000000000001,0.00363,0.185
531,2003-04-16,0.137944,0.072628,0.105708,0.141272,0.036404000000000006,0.030856,0.024692,0.135
532,2003-05-18,0.17874800000000002,0.126884,0.16014,0.18828,0.12284000000000002,0.130004,0.118928,0.044
533,2003-06-19,0.10061904761904762,0.029,0.08563333333333334,0.12323333333333333,0.008861904761904762,0.006361904761904762,0.0018333333333333333,0.087
534,2003-07-13,0.13901304347826088,0.07910434782608697,0.15111304347826088,0.17234347826086957,0.052243478260869565,0.038269565217391305,0.02379130434782609,0.051
535,2003-08-14,0.10684800000000001,0.045316,0.11234400000000001,0.139576,0.02508,0.020280000000000003,0.009112,0.072
536,2003-09-15,0.1653416666666667,0.13012916666666668,0.16957916666666667,0.1839,0.12517083333333334,0.12094583333333334,0.09960416666666667,0.049
537,2003-10-17,0.121948,0.061332000000000005,0.0845,0.13009600000000002,0.017428000000000003,0.012156,0.005416,0.144
538,2003-11-18,0.12321600000000002,0.06399600000000001,0.095256,0.12792800000000001,0.030452,0.025332,0.017552,0.106
539,2003-12-12,0.123884,0.06084400000000001,0.11176400000000002,0.13596400000000003,0.030372000000000003,0.021132,0.009796,0.098
540,2004-01-18,0.12787500000000002,0.078515,0.08196,0.12287000000000001,0.024880000000000003,0.02142,0.017045,0.105
541,2004-02-19,0.12358800000000002,0.059416,0.11146400000000002,0.13608,0.031996,0.023652000000000003,0.014732,0.087
542,2004-03-14,0.136052,0.074652,0.133664,0.15238800000000002,0.046880000000000005,0.038464,0.028052,0.101
543,2004-04-15,0.137048,0.063748,0.11217200000000001,0.14606,0.035660000000000004,0.030872000000000004,0.022500000000000003,0.063
544,2004-05-17,0.13064,0.069264,0.09437200000000001,0.130868,0.036056000000000005,0.029544,0.02178,0.081
545,2004-06-18,0.154884,0.08530800000000001,0.154096,0.176952,0.06142000000000001,0.055684000000000004,0.042748,0.056
546,2004-07-12,0.10802500000000001,0.03386,0.07926000000000001,0.122395,0.009865,0.010320000000000001,0.00673,0.049
547,2004-08-13,0.15107142857142858,0.09022380952380953,0.1287047619047619,0.15765238095238096,0.05910476190476191,0.05444285714285715,0.04462857142857143,0.061
548,2004-09-14,0.11286842105263159,0.0886578947368421,0.11098947368421053,0.16150526315789474,0.04765263157894737,0.03331052631578948,0.015210526315789475,0.161
549,2004-10-16,0.092076,0.045608,0.07430800000000001,0.103324,0.023892,0.02326,0.018188,0.07
550,2004-11-17,0.114775,0.04143500000000001,0.08692000000000001,0.12524500000000002,0.013205000000000001,0.00896,0.00443,0.071
551,2004-12-11,0.147308,0.09692400000000001,0.129484,0.15211600000000003,0.06033600000000001,0.0443,0.029016000000000004,0.073
552,2005-01-18,0.357124,0.31514800000000004,0.32558000000000004,0.35732800000000003,0.2964,0.27190400000000003,0.23539200000000002,0.124
553,2005-02-19,0.12104500000000001,0.06951,0.074315,0.11547500000000001,0.015015,0.01319,0.005805,0.109
554,2005-03-15,0.134492,0.06972400000000001,0.100328,0.13670000000000002,0.025748000000000004,0.019416,0.011216,0.104
555,2005-04-16,0.15581739130434782,0.0989,0.14305652173913044,0.1663913043478261,0.06155652173913044,0.04713478260869565,0.032708695652173915,0.087
556,2005-05-18,0.16564736842105263,0.09808947368421053,0.13560526315789473,0.1695157894736842,0.058894736842105264,0.059042105263157896,0.045289473684210525,0.08
557,2005-06-19,0.151196,0.08718,0.137484,0.167132,0.05498,0.0523,0.042388,0.054
558,2005-07-13,0.14080869565217394,0.07673478260869565,0.12537391304347825,0.15499130434782607,0.04745652173913044,0.034860869565217396,0.02185217391304348,0.042
559,2005-08-14,0.132084,0.067596,0.08366000000000001,0.130832,0.010828,0.00898,0.00638,0.13
560,2005-09-15,0.144876,0.10004800000000001,0.142184,0.175132,0.041136000000000006,0.03092,0.020528,0.141
561,2005-10-17,0.12454000000000001,0.074304,0.116652,0.149352,0.03302,0.020560000000000002,0.008768000000000001,0.063
562,2005-11-18,0.1255,0.056260000000000004,0.10224,0.134944,0.01916,0.013576,0.006492,0.065
563,2005-12-12,0.1158,0.091048,0.076836,0.127884,0.040032,0.027148000000000002,0.013564,0.2
564,2006-01-18,0.17364000000000002,0.12057200000000001,0.154568,0.1774,0.05187200000000001,0.03658,0.021032,0.111
565,2006-02-19,0.14058800000000002,0.070412,0.11782000000000001,0.146648,0.031664,0.022896000000000003,0.013188,0.157
566,2006-03-15,0.1512625,0.09481250000000001,0.12610833333333332,0.152125,0.040775,0.0308375,0.022516666666666667,0.127
567,2006-04-16,0.16968,0.10038400000000001,0.14197200000000001,0.178008,0.06718,0.057960000000000005,0.046032000000000003,0.088
568,2006-05-18,0.160248,0.08479600000000001,0.11837600000000001,0.166444,0.053579999999999996,0.052708000000000005,0.045188,0.088
569,2006-06-19,0.19524347826086957,0.15365217391304348,0.15783913043478262,0.20165652173913043,0.15979565217391306,0.17287391304347827,0.1609608695652174,0.075
570,2006-07-13,0.16066,0.11169200000000001,0.12486,0.158392,0.064476,0.059148000000000006,0.045492000000000005,0.072
571,2006-08-14,0.12426521739130436,0.07398695652173913,0.10244782608695653,0.14157391304347824,0.034752173913043485,0.02440434782608696,0.013182608695652175,0.143
572,2006-09-15,0.084148,0.092284,0.07404400000000001,0.11308800000000002,0.039536,0.021400000000000002,0.005836,0.112
573,2006-10-17,0.119708,0.05037200000000001,0.08914,0.12596800000000002,0.017380000000000003,0.012212,0.005132,0.08
574,2006-11-18,0.367375,0.34083,0.37356,0.384875,0.30209,0.18118,0.104275,0.098
575,2006-12-12,0.12172400000000001,0.07352,0.05852000000000001,0.11120000000000001,0.014792,0.012184,0.007444,0.101
